<?xml version="1.0" encoding="UTF-8"?>
<project-private xmlns="http://www.netbeans.org/ns/project-private/1">
    <editor-bookmarks xmlns="http://www.netbeans.org/ns/editor-bookmarks/2" lastBookmarkId="0"/>
    <open-files xmlns="http://www.netbeans.org/ns/projectui-open-files/2">
        <group>
            <file>file:/C:/Users/LR%2045/Desktop/SCUOLA/T%20E%20C%20N%20O%20L%20O%20G%20I%20E/PROGETTO%20%20%20%20%20tecnologie/parte%20JAVA/TigerControlPanel/src/TigerControlPanel/Communicator.java</file>
            <file>file:/C:/Users/LR%2045/Desktop/SCUOLA/T%20E%20C%20N%20O%20L%20O%20G%20I%20E/PROGETTO%20%20%20%20%20tecnologie/parte%20JAVA/TigerControlPanel/src/TigerControlPanel/GUI.java</file>
        </group>
    </open-files>
</project-private>
